{"train_loss": 2.345736503601074, "train_f1_score": 0.08, "_timestamp": 1659883297.515739, "_runtime": 5.798398971557617, "_step": 0}