{"train_loss": 1.9748281240463257, "train_f1_score": 0.16666666666666666, "_timestamp": 1659871473.671915, "_runtime": 66.0710060596466, "_step": 1}