{"train_loss": 2.3711531162261963, "train_f1_score": 0.11200000000000002, "_timestamp": 1659883511.6496696, "_runtime": 6.018752574920654, "_step": 0}