{"train_loss": 1.6600337028503418, "train_f1_score": 0.416, "_timestamp": 1659903716.040814, "_runtime": 15588.191572904587, "_step": 2038, "train_accuracy": 39.47800064086914, "val_loss": 0.9274451950073243, "val_f1_score": 0.6785, "val_accuracy": 67.8499984741211, "test_loss": 203.18748474121094, "accuracy": 71.8499984741211, "test_f1_score": 0.732, "precision": 0.732, "recall": 0.732}