{"train_loss": 4.634527206420898, "train_f1_score": 0.02, "_timestamp": 1659787874.0234358, "_runtime": 11.112456798553467, "_step": 0}