{"train_loss": 4.620120048522949, "train_f1_score": 0.0, "_timestamp": 1659790913.915876, "_runtime": 3051.004896879196, "_step": 44, "test_loss": 4620.296875, "test_f1_score": 0.012}