{"train_loss": 1.6773266792297363, "train_f1_score": 0.408, "_timestamp": 1659891343.6063893, "_runtime": 39.70221138000488, "_step": 276, "train_accuracy": 21.671112060546875, "val_loss": 416.38250732421875, "val_f1_score": 0.41999999999999993, "val_accuracy": 40.81999969482422}