{"train_loss": 0.32581037282943726, "train_f1_score": 0.852, "_timestamp": 1659890602.8554702, "_runtime": 5234.70455121994, "_step": 80, "train_accuracy": 88.0022201538086, "val_loss": 329.1282653808594, "val_f1_score": 0.664, "val_accuracy": 64.68000030517578, "test_loss": 278.7399597167969, "accuracy": 64.79999542236328, "test_f1_score": 0.592, "precision": 0.592, "recall": 0.592, "_wandb": {"runtime": 5232}}