{"train_loss": 0.32662907242774963, "train_f1_score": 0.88, "_timestamp": 1659804182.2407033, "_runtime": 313.6195514202118, "_step": 8, "train_accuracy": 76.60199737548828, "val_loss": 271.6678466796875, "val_f1_score": 0.915, "val_accuracy": 92.11000061035156, "test_loss": 216.9410858154297, "accuracy": 92.52999877929688, "test_f1_score": 0.929, "precision": 0.929, "confusion_mat_table": {"_type": "table-file", "sha256": "4f10904e941edc0a67d3eea1d64a6478d76604f1dc8d3d0bb3741b9eaca4b70b", "size": 2996, "artifact_path": "wandb-client-artifact://166rvj0cde79ui7qdc0yz5n28vepkgh9ukcwaia9vhmmx7qsl47llf8heo300kpecf5zfj10pkml4zdbahypnkbk6gstcmuwp5ls3v27rmfn5d2z4g428p3emlz30jxn:latest/confusion_mat_table.table.json", "_latest_artifact_path": "wandb-client-artifact://166rvj0cde79ui7qdc0yz5n28vepkgh9ukcwaia9vhmmx7qsl47llf8heo300kpecf5zfj10pkml4zdbahypnkbk6gstcmuwp5ls3v27rmfn5d2z4g428p3emlz30jxn:latest/confusion_mat_table.table.json", "path": "media/table/confusion_mat_table_8_4f10904e941edc0a67d3.table.json", "ncols": 3, "nrows": 100}, "_wandb": {"runtime": 313}}