{"train_loss": 1.9616628885269165, "train_f1_score": 0.15625, "_timestamp": 1659871719.2960865, "_runtime": 75.54187846183777, "_step": 2}