{"train_loss": 0.0011377203045412898, "train_f1_score": 1.0, "_timestamp": 1659837014.5710633, "_runtime": 44159.92204427719, "_step": 279, "test_loss": 82.01350402832031, "test_f1_score": 0.987}