{"train_loss": 4.619021892547607, "train_f1_score": 0.02, "_timestamp": 1659798064.9970963, "_runtime": 5.467011213302612, "_step": 0}