{"train_loss": 1.6095134019851685, "train_f1_score": 0.404, "_timestamp": 1659882904.2950282, "_runtime": 125.20016527175903, "_step": 1}