{"loss": 0.006748009938746691, "vreme zurke": 1659724174.4477446, "_timestamp": 1659724174.4477446, "_runtime": 7568.8727486133575, "_step": 149}