{"loss": 0.012673994526267052, "vreme zurke": 1659720074.0597239, "_timestamp": 1659720074.0597239, "_runtime": 3468.484727859497, "_step": 68}