{"train_loss": 0.0007879740442149341, "train_f1_score": 1.0, "_timestamp": 1659890857.9017253, "_runtime": 5078.520311355591, "_step": 80, "train_accuracy": 99.76599884033203, "val_loss": 11.821864128112793, "val_f1_score": 0.988, "val_accuracy": 98.50999450683594, "test_loss": 14.776211738586426, "accuracy": 98.72000122070312, "test_f1_score": 0.988, "precision": 0.988, "recall": 0.988, "_wandb": {"runtime": 5077}}