{"train_loss": 0.20168274641036987, "train_f1_score": 0.93, "_timestamp": 1659803706.8888962, "_runtime": 315.6523633003235, "_step": 7, "train_accuracy": 76.3740005493164, "val_loss": 245.87496948242188, "val_f1_score": 0.919, "val_accuracy": 92.22999572753906, "test_loss": 218.73765563964844, "accuracy": 92.50999450683594, "test_f1_score": 0.939, "precision": 0.939, "_wandb": {"runtime": 315}}