{"train_loss": 3.5357964038848877, "train_f1_score": 0.15, "_timestamp": 1659774182.7687807, "_runtime": 182.71122980117798, "_step": 2