{"train_loss": 0.19548888504505157, "train_f1_score": 0.93, "_timestamp": 1659800233.5158224, "_runtime": 271.1103563308716, "_step": 6, "val_loss": 189.82569885253906, "val_f1_score": 0.943}