{"train_loss": 2.299048662185669, "train_f1_score": 0.10000000000000002, "_timestamp": 1659792230.926184, "_runtime": 1101.50510597229, "_step": 21, "test_loss": 2303.1796875, "test_f1_score": 0.099}