{"train_loss": 1.741047978401184, "train_f1_score": 0.41999999999999993, "_timestamp": 1659872030.7096348, "_runtime": 233.25946474075317, "_step": 2}