{"train_loss": 1.8180558681488037, "train_f1_score": 0.34, "_timestamp": 1659883699.5216386, "_runtime": 136.63520765304565, "_step": 1}