{"train_loss": 2.3506081104278564, "train_f1_score": 0.08, "_timestamp": 1659798672.0207503, "_runtime": 4.837317228317261, "_step": 0}