{"train_loss": 0.25176647305488586, "train_f1_score": 0.9, "_timestamp": 1659882139.277058, "_runtime": 4734.538822889328, "_step": 77, "train_accuracy": 86.1755599975586, "val_loss": 224.5272216796875, "val_f1_score": 0.69, "val_accuracy": 62.65999984741211}