{"train_loss": 1.6480379104614258, "train_f1_score": 0.39666666666666667, "_timestamp": 1659877652.3002572, "_runtime": 247.56202220916748, "_step": 4, "train_accuracy": 32.14444351196289, "val_loss": 313.1656494140625, "val_f1_score": 0.425, "val_accuracy": 40.18000030517578}