{"train_loss": 1.9637103080749512, "train_f1_score": 0.0, "_timestamp": 1659871347.2565832, "_runtime": 243.25163626670837, "_step": 8, "_wandb": {"runtime": 274}}