{"train_loss": 1.3232357501983643, "train_f1_score": 0.7, "_timestamp": 1659872234.8367424, "_runtime": 57640.33161640167, "_step": 686, "train_accuracy": 70.34444427490234, "val_loss": 14.00660514831543, "val_f1_score": 0.5, "val_accuracy": 60.8599967956543}