{"train_loss": 0.0035693126264959574, "train_f1_score": 1.0, "_timestamp": 1659841531.2789705, "_runtime": 3208.0840334892273, "_step": 13661, "train_accuracy": 99.24800109863281, "val_loss": 77.7044677734375, "val_f1_score": 0.9810000000000001}