{"train_loss": 0.15807920694351196, "_timestamp": 1659733714.508939, "_runtime": 2087.903034925461, "_step": 11, "train_f1_score": 0.96, "_wandb": {"runtime": 484}}