{"train_loss": 1.2515596151351929, "train_f1_score": 0.5625, "_timestamp": 1659877304.1986928, "_runtime": 1430.9323027133942, "_step": 22, "train_accuracy": 58.331111907958984, "val_loss": 148.22213745117188, "val_f1_score": 0.6323529411764706, "val_accuracy": 56.959999084472656}